category,slope_SE,p_SE,slope_SEeff,p_SEeff
Ethanol,-8.620783515823257,3.485154120138315e-10,-1.7108920905007734,0.28644969563668393
