category,slope_SE,p_SE,slope_SEeff,p_SEeff
Estradiol and alike,-8.869278451539497,5.869569218262042e-10,-4.219279581006781,0.22247668551362304
