category,slope_SE,p_SE,slope_SEeff,p_SEeff
Valproic acid,-4.012597162485658,0.0980974432618657,-3.8145881827289667,0.2671011377015341
