category,slope_SE,p_SE,slope_SEeff,p_SEeff
Stress,-3.857688411017768,0.21191513516638255,-0.8356161919047596,0.8149420116931224
