category,slope_SE,p_SE,slope_SEeff,p_SEeff
Dopaminergic agonists,-24.48513635636872,3.429252894077398e-4,3.4853851032606076,0.8088193744384244
