category,slope_SE,p_SE,slope_SEeff,p_SEeff
Pro-dopaminergic agents,-24.485136305481618,3.42925290409339e-4,3.4853851953314856,0.8088193966979991
