category,slope_SE,p_SE,slope_SEeff,p_SEeff
Anxiolytics,1.4025359280837768,0.7218332559191318,2.6512996351025806,0.5585475436935287
