category,slope_SE,p_SE,slope_SEeff,p_SEeff
NMDA antagonists,-6.783564798236476,2.8150117871649026e-5,-10.154518334896967,0.10346987251128689
