category,I2_total,I2_between,I2_within
Pro-dopaminergic agents,22.357074694721916,11.178537386393298,11.178537308328618
