category,I2_total,I2_between,I2_within
Anxiolytics,63.573677378516614,31.786838689258307,31.786838689258307
