category,I2_total,I2_between,I2_within
NMDA antagonists,92.32916133694933,92.32916131303864,2.391068652014016e-8
