category,I2_total,I2_between,I2_within
Dopaminergic agonists,22.357074688354427,11.178536594910838,11.178538093443589
