category,I2_total,I2_between,I2_within
Ethanol,49.67018794883691,1.3669440990008132e-7,49.670187812142494
