category,I2_total,I2_between,I2_within
Stress,82.42644061073295,67.67609711173114,14.750343499001817
