category,I2_total,I2_between,I2_within
Valproic acid,77.80829414736013,38.904147054942825,38.904147092417304
