category,I2_total,I2_between,I2_within
Estradiol and alike,74.94401820666087,26.640728048755243,48.30329015790562
