category,estimate,ci_lb,ci_ub,p_value,sigma2_between,sigma2_within,k,n_studies
Stress,-0.6130783262573811,-1.1385371764029635,-0.08761947611179877,0.025347541396356116,0.6227460155012582,0.13573060553585017,23,15
