category,estimate,ci_lb,ci_ub,p_value,sigma2_between,sigma2_within,k,n_studies
Ethanol,-0.6472200183875039,-0.8363215817234595,-0.45811845505154825,5.2388166862866845e-6,4.1099956436202925e-10,0.14934352887943955,55,14
