category,estimate,ci_lb,ci_ub,p_value,sigma2_between,sigma2_within,k,n_studies
Estradiol and alike,0.016633104352251724,-0.5525430849470542,0.5858092936515576,0.9453186718515523,0.12544467729997963,0.2274483878704986,29,7
