category,estimate,ci_lb,ci_ub,p_value,sigma2_between,sigma2_within,k,n_studies
Stress,-0.020874310449814734,-1.0413925091474534,0.9996438882478239,0.9680211226102332,0.6231329622786559,0.0534310818614133,6,3
