category,estimate,ci_lb,ci_ub,p_value,sigma2_between,sigma2_within,k,n_studies
Estradiol and alike,-0.1966591292109608,-0.9974108385801534,0.604092580158232,0.6302651262154321,0.2934797902556848,0.2934797869637185,8,4
