category,estimate,ci_lb,ci_ub,p_value,sigma2_between,sigma2_within,k,n_studies
Ethanol,-0.636141866638005,-0.9088728302331164,-0.36341090304289364,4.840288253969786e-6,7.652892930696444e-10,0.21300332355594917,44,10
