category,slope_SE,p_SE,slope_SEeff,p_SEeff
Stress,1.829816547088138,0.4258563134625162,1.6553623312252228,0.5576667778432194
