category,slope_SE,p_SE,slope_SEeff,p_SEeff
Pro-dopaminergic agents,-7.433565935464981,0.06001168080557768,3.366491685665481,0.7897326784793388
