category,slope_SE,p_SE,slope_SEeff,p_SEeff
Ethanol,6.436691892054195,4.741385172679372e-5,2.6020574906845093,0.6462513625113737
