category,slope_SE,p_SE,slope_SEeff,p_SEeff
NMDA antagonists,3.5694762539827223,0.10596204903891522,3.020746424572639,0.3450863857527544
