category,slope_SE,p_SE,slope_SEeff,p_SEeff
Estradiol and alike,-19.722701050774052,2.7201734617624137e-13,-0.8251967073465036,0.7103455902310063
