category,slope_SE,p_SE,slope_SEeff,p_SEeff
Dopaminergic agonists,-7.4335659493416575,0.06001168058296525,3.366491685629706,0.7897326784779682
