category,I2_total,I2_between,I2_within
Dopaminergic agonists,22.973412691439933,22.973411660996312,1.0304436179363723e-6
