category,I2_total,I2_between,I2_within
Ethanol,94.10499905252972,5.649685419431225e-7,94.10499848756116
