category,I2_total,I2_between,I2_within
Estradiol and alike,32.05345100213983,1.47923233393695e-6,32.0534495229075
