category,I2_total,I2_between,I2_within
Stress,81.57688454994502,72.7433655177344,8.83351903221062
