category,I2_total,I2_between,I2_within
Pro-dopaminergic agents,22.973412673976625,22.973411628729444,1.0452471829446954e-6
