category,I2_total,I2_between,I2_within
NMDA antagonists,80.56224185788516,63.774118146566714,16.78812371131844
