category,estimate,ci_lb,ci_ub,p_value,sigma2_between,sigma2_within,k,n_studies
Estradiol and alike,-0.2748986381677514,-0.5572138279874821,0.007416551651979297,0.05428712564953215,2.657267481293228e-9,0.057580264523967924,27,6
