category,estimate,ci_lb,ci_ub,p_value,sigma2_between,sigma2_within,k,n_studies
Ethanol,-0.16439438194998535,-1.3572414328234932,1.0284526689235225,0.7375878846136114,1.9883107674964654e-8,3.311865491209837,28,6
