category,estimate,ci_lb,ci_ub,p_value,sigma2_between,sigma2_within,k,n_studies
Stress,0.4394896727745425,-0.04189880459028672,0.9208781501393717,0.07045100312694078,0.5679126467112992,0.0689639135837664,29,15
