category,slope_SE,p_SE,slope_SEeff,p_SEeff
Stress,-9.943721856894744,0.001329701408935805,15.49117044477645,0.0050762101686883205
