category,slope_SE,p_SE,slope_SEeff,p_SEeff
Anxiolytics,-0.42088456231761473,0.6612531363488895,0.44561731504717106,0.6758896271279279
