category,slope_SE,p_SE,slope_SEeff,p_SEeff
Ethanol,-10.253443069002218,9.476090457919514e-5,-6.719949210063798,0.45729543706668674
