category,slope_SE,p_SE,slope_SEeff,p_SEeff
NMDA antagonists,-5.69669108226066,6.724129292859257e-4,-2.1003773061055124,0.7088538594771987
