category,I2_total,I2_between,I2_within
Anxiolytics,2.4260408430379104e-6,2.0714416692163107e-6,3.5459917382159965e-7
