category,I2_total,I2_between,I2_within
Ethanol,92.96520820702808,46.930998140354795,46.03421006667328
