category,I2_total,I2_between,I2_within
Stress,78.22176786585273,6.539814251896322e-7,78.2217672118713
