category,I2_total,I2_between,I2_within
NMDA antagonists,91.29652661251683,45.648262578319724,45.64826403419711
