category,estimate,ci_lb,ci_ub,p_value,sigma2_between,sigma2_within,k,n_studies
Ethanol,-0.6158690701556851,-2.3640325884274422,1.1322944481160717,0.4323203143642097,2.0344327175289014,1.9955574523506272,13,8
