category,estimate,ci_lb,ci_ub,p_value,sigma2_between,sigma2_within,k,n_studies
Stress,0.9412104021768587,0.2032931137886541,1.6791276905650632,0.018019609065035812,8.464155964618357e-9,1.0123853858958887,15,10
