category,estimate,ci_lb,ci_ub,p_value,sigma2_between,sigma2_within,k,n_studies
Stress,1.86578957546772,1.1171196385903948,2.6144595123450456,1.0369019205057009e-6,2.2316029807849227e-10,2.2316029807849227e-10,3,3
