category,estimate,ci_lb,ci_ub,p_value,sigma2_between,sigma2_within,k,n_studies
Ethanol,-0.7642772861548274,-2.556508153430572,1.0279535811209173,0.40326447660746884,3.6464371454118605,1.74625829493217,12,7
